Date,Close,Percent Change,Volume
12/5/2019,1131.92,0.00%,"358,839,860.00"
12/8/2019,1135.37,0.00%,"287,527,825.00"
12/9/2019,1148.89,0.00%,"464,220,392.00"
12/10/2019,1151.36,0.00%,"500,328,915.00"
12/11/2019,1161.47,0.00%,"551,377,852.00"
12/12/2019,1172.64,0.00%,"675,173,000.00"
12/15/2019,1167.86,0.00%,"686,076,111.00"
12/16/2019,1154.11,0.00%,"407,900,555.00"
12/17/2019,1155.37,0.00%,"279,244,135.00"
12/18/2019,1152.07,0.00%,"294,709,858.00"
12/19/2019,1149.64,0.00%,"419,088,133.00"
12/22/2019,1150.81,0.00%,"374,466,465.00"
12/23/2019,1168.58,0.00%,"595,764,544.00"
12/24/2019,1166.21,0.00%,"721,642,965.00"
12/25/2019,1168.03,0.00%,"538,340,829.00"
12/26/2019,1167.41,0.00%,"588,677,887.00"
12/29/2019,1162.43,0.00%,"422,453,909.00"
12/30/2019,1167.95,0.00%,"622,363,488.00"
12/31/2019,1166.03,0.00%,"442,256,156.00"
1/1/2020,1169.5,0.00%,"372,988,301.00"
1/2/2020,1166.21,0.00%,"532,211,211.00"
1/5/2020,1182.31,0.00%,"712,425,827.00"
1/6/2020,1200.69,0.00%,"842,582,150.00"
1/7/2020,1216.92,0.00%,"1,102,736,748.00"
1/8/2020,1209.6,0.00%,"732,169,261.00"
1/9/2020,1213.11,0.00%,"837,035,757.00"
1/12/2020,1255.72,0.00%,"1,335,747,967.00"
1/13/2020,1270.86,0.00%,"1,665,520,000.00"
1/14/2020,1263.38,0.00%,"1,026,443,666.00"
1/15/2020,1284.23,0.00%,"893,677,000.00"
1/16/2020,1310.23,0.00%,"1,682,330,000.00"
1/19/2020,1343.65,0.00%,"2,090,877,917.00"
1/20/2020,1317.11,0.00%,"1,953,780,000.00"
1/21/2020,1320.47,0.00%,"1,519,976,760.00"
1/22/2020,1313.42,0.00%,"1,581,381,364.00"
1/23/2020,1297.47,0.00%,"1,384,209,412.00"
1/26/2020,1276.68,0.00%,"965,018,662.00"
1/27/2020,1300.62,0.00%,"917,359,865.00"
1/28/2020,1306.15,0.00%,"1,400,467,805.00"
1/29/2020,1305.88,0.00%,"1,293,711,383.00"
1/30/2020,1325.38,0.00%,"1,966,219,749.00"
2/2/2020,1346.64,0.00%,"2,077,987,799.00"
2/3/2020,1349.13,0.00%,"1,611,719,203.00"
2/4/2020,1337.04,0.00%,"1,570,166,163.00"
2/5/2020,1342.36,0.00%,"1,082,483,909.00"
2/6/2020,1333.69,0.00%,"1,049,345,436.00"
2/9/2020,1319.99,0.00%,"950,402,584.00"
2/10/2020,1324.26,0.00%,"932,086,055.00"
2/11/2020,1341.38,0.00%,"1,532,250,440.00"
2/12/2020,1345.97,0.00%,"1,509,784,311.00"
2/13/2020,1344.59,0.00%,"1,773,805,746.00"
2/16/2020,1363.97,0.00%,"1,978,108,701.00"
2/17/2020,1398.24,0.00%,"2,687,533,442.00"
2/18/2020,1400.01,0.00%,"2,125,977,034.00"
2/19/2020,1405.25,0.00%,"1,628,841,389.00"
2/20/2020,1434.57,0.00%,"2,785,004,908.00"
2/23/2020,1504.14,0.00%,"3,608,526,354.00"
2/24/2020,1502.18,0.00%,"3,410,516,278.00"
2/25/2020,1545.19,0.00%,"2,992,160,524.00"
2/26/2020,1596.13,0.00%,"4,154,883,092.00"
2/27/2020,1632.17,0.00%,"4,460,536,251.00"
3/1/2020,1591.36,0.00%,"4,847,437,505.00"
3/2/2020,1495.3,0.00%,"2,154,428,215.00"
3/3/2020,1509.67,0.00%,"3,851,622,996.00"
3/4/2020,1441.2,0.00%,"2,908,472,603.00"
3/5/2020,1435.7,0.00%,"2,457,093,463.00"
3/10/2020,1349.31,0.00%,"1,076,696,300.00"
3/11/2020,1423.09,0.00%,"2,221,081,690.00"
3/12/2020,1377.18,0.00%,"2,206,662,182.00"
3/15/2020,1313.04,0.00%,"2,101,417,292.00"
3/16/2020,1316.39,0.00%,"1,615,341,877.00"
3/17/2020,1272.06,0.00%,"1,465,184,656.00"
3/18/2020,1255.8,0.00%,"1,184,416,878.00"
3/19/2020,1269.3,0.00%,"1,903,142,008.00"
3/22/2020,1251.45,0.00%,"194,642,984.00"
5/12/2020,1226.15,0.00%,"104,372,646.00"
5/13/2020,1201.57,0.00%,"3,613,523.00"
6/29/2020,1188.7,0.00%,"347,771,833.00"
6/30/2020,1260.75,0.00%,"227,212,194.00"
7/1/2020,1336.52,0.00%,"407,352,247.00"
7/2/2020,1256.11,0.00%,"476,654,971.00"
7/5/2020,1265.45,0.00%,"1,033,390,231.00"
7/6/2020,1298.73,0.00%,"927,841,329.00"
7/7/2020,1336.66,0.00%,"1,199,041,859.00"
7/8/2020,1326.53,0.00%,"1,078,462,141.00"
7/9/2020,1331.27,0.00%,"908,086,197.00"
7/12/2020,1340.29,0.00%,"1,111,090,272.00"
7/13/2020,1342.4,0.00%,"1,088,716,118.00"
7/14/2020,1347.44,0.00%,"994,545,109.00"
7/15/2020,1362.34,0.00%,"1,160,491,522.00"
7/16/2020,1394.77,0.00%,"1,041,770,867.00"
7/19/2020,1479.03,0.00%,"62,566,293.00"
7/20/2020,1464.94,0.00%,"2,802,233,715.00"
7/21/2020,1449.94,0.00%,"1,872,220,447.00"
7/22/2020,1432.44,0.00%,"1,532,511,716.00"
7/23/2020,1442.61,0.00%,"1,327,135,218.00"
7/26/2020,1465.1,0.00%,"1,942,679,380.00"
7/27/2020,1462.48,0.00%,"1,793,915,286.00"
7/28/2020,1454.89,0.00%,"1,259,751,557.00"
7/29/2020,1431.52,0.00%,"1,687,093,091.00"
7/30/2020,1439.06,0.00%,"1,320,266,678.00"
8/2/2020,1396.28,0.00%,"1,841,242,332.00"
8/3/2020,1403.86,0.00%,"1,290,252,213.00"
8/5/2020,1382.66,0.00%,"1,189,526,408.00"
8/6/2020,1381.37,0.00%,"920,997,056.00"
8/9/2020,1392.68,0.00%,"977,895,525.00"
8/10/2020,1430.41,0.00%,"1,555,518,923.00"
8/11/2020,1423.81,0.00%,"1,271,738,914.00"
8/12/2020,1425.32,0.00%,"951,960,208.00"
8/13/2020,1408.79,0.00%,"1,048,911,791.00"
8/16/2020,1391.46,0.00%,"1,259,320,850.00"
8/17/2020,1402.21,0.00%,"1,074,932,597.00"
8/18/2020,1407.89,0.00%,"1,239,017,426.00"
8/19/2020,1391.29,0.00%,"976,235,059.00"
8/20/2020,1397.57,0.00%,"393,129,068.00"
8/23/2020,1410.34,0.00%,"1,108,053,597.00"
8/24/2020,1431.6,0.00%,"2,139,202,075.00"
8/25/2020,1440.94,0.00%,"1,855,180,510.00"
8/26/2020,1462.03,0.00%,"2,656,163,730.00"
8/27/2020,1458.04,0.00%,"1,981,761,050.00"
8/30/2020,1462.67,0.00%,"1,614,554,300.00"
8/31/2020,1484.99,0.00%,"3,462,586,125.00"
9/2/2020,1510.57,0.00%,"4,181,036,115.00"
9/3/2020,1510.42,0.00%,"2,634,886,231.00"
9/6/2020,1499.97,0.00%,"2,782,377,887.00"
9/7/2020,1487.81,0.00%,"2,164,930,214.00"
9/8/2020,1495.15,0.00%,"1,798,363,063.00"
9/9/2020,1508.2,0.00%,"2,563,415,186.00"
9/10/2020,1520.69,0.00%,"2,170,068,283.00"
9/13/2020,1537.25,0.00%,"3,386,859,972.00"
9/14/2020,1540.51,0.00%,"3,134,135,908.00"
9/15/2020,1536.03,0.00%,"1,800,197,903.00"
9/16/2020,1541.4,0.00%,"1,845,634,030.00"
9/17/2020,1572.18,0.00%,"3,315,664,319.00"
9/20/2020,1575.18,0.00%,"2,742,795,692.00"
9/21/2020,1569.06,0.00%,"2,637,376,216.00"
9/22/2020,1546.15,0.00%,"2,810,425,268.00"
9/23/2020,1555.52,0.00%,"1,727,821,707.00"
9/24/2020,1561.27,0.00%,"2,233,489,024.00"
9/27/2020,1565.55,0.00%,"3,138,243,371.00"
9/28/2020,1560.83,0.00%,"1,690,154,525.00"
9/29/2020,1553.62,0.00%,"1,829,872,968.00"
9/30/2020,1550.43,0.00%,"1,953,636,694.00"
10/1/2020,1571.04,0.00%,"2,807,708,137.00"
10/4/2020,1585.75,0.00%,"3,178,853,719.00"
10/5/2020,1582.12,0.00%,"2,578,607,088.00"
10/6/2020,1586.29,0.00%,"2,510,585,332.00"
10/7/2020,1600.97,0.00%,"3,358,506,296.00"
10/8/2020,1589.63,0.00%,"2,862,712,521.00"
10/11/2020,1576.27,0.00%,"2,395,432,599.00"
10/12/2020,1578.01,0.00%,"1,949,060,194.00"
10/13/2020,1568.59,0.00%,"1,819,638,977.00"
10/14/2020,1561.17,0.00%,"1,496,387,992.00"
10/15/2020,1562.46,0.00%,"1,425,890,738.00"
10/18/2020,1556.8,0.00%,"1,252,748,181.00"
10/19/2020,1570.38,0.00%,"954,656,107.00"
10/20/2020,1583.6,0.00%,"1,271,829,990.00"
10/21/2020,1597.71,0.00%,"1,633,246,148.00"
10/22/2020,1606.25,0.00%,"1,994,543,919.00"
10/28/2020,1647.45,0.00%,"2,725,994,069.00"
10/29/2020,1645.67,0.00%,"3,037,694,845.00"
11/1/2020,1640.95,0.00%,"2,930,939,007.00"
11/2/2020,1637.63,0.00%,"2,453,954,688.00"
11/3/2020,1643.03,0.00%,"2,237,964,572.00"
11/4/2020,1640.64,0.00%,"1,757,423,745.00"
11/5/2020,1636.17,0.00%,"2,842,469,177.00"
11/8/2020,1648.58,0.00%,"3,526,777,261.00"
11/9/2020,1652.8,0.00%,"3,699,879,726.00"
11/10/2020,1678.79,0.00%,"4,096,190,256.00"
11/11/2020,1707.67,0.00%,"4,099,604,742.00"
11/12/2020,1718.49,0.00%,"4,256,475,891.00"
11/18/2020,1741.81,0.00%,"4,791,041,649.00"
11/19/2020,1778.12,0.00%,"6,116,730,071.00"
11/22/2020,1782.81,0.00%,"6,878,787,665.00"
11/23/2020,1780.43,0.00%,"4,762,704,611.00"
11/24/2020,1810.11,0.00%,"5,442,950,189.00"
11/25/2020,1874.81,0.00%,"5,131,886,488.00"
11/26/2020,1893.24,0.00%,"7,613,030,091.00"
11/29/2020,1968.27,0.00%,"9,227,348,348.00"
11/30/2020,1997.05,0.00%,"8,867,714,682.00"
12/1/2020,2000.4,0.00%,"7,404,154,007.00"
12/2/2020,2071.02,0.00%,"7,463,482,972.00"
12/3/2020,2055.45,0.00%,"8,026,023,798.00"
12/6/2020,1932.11,0.00%,"7,209,180,213.00"
12/7/2020,2004.39,0.00%,"6,667,956,831.00"
12/8/2020,1995.35,0.00%,"5,719,436,384.00"
12/9/2020,1955.75,0.00%,"4,745,649,292.00"
12/10/2020,1964.02,0.00%,"4,146,321,050.00"
12/13/2020,2010.45,0.00%,"4,899,484,131.00"
12/14/2020,2067.17,0.00%,"7,204,136,923.00"
12/15/2020,2061.41,0.00%,"6,069,331,687.00"
12/16/2020,2055.22,0.00%,"5,144,675,578.00"
12/17/2020,2032.51,0.00%,"6,769,890,815.00"
12/20/2020,1935.63,0.00%,"8,612,857,317.00"
12/21/2020,1965.96,0.00%,"6,698,874,354.00"
12/22/2020,2061.41,0.00%,"6,740,744,432.00"
12/23/2020,2068.45,0.00%,"6,862,445,215.00"
12/24/2020,2038.63,0.00%,"5,369,046,322.00"
12/27/2020,1998.65,0.00%,"4,623,452,312.00"
12/28/2020,2007.29,0.00%,"3,850,320,045.00"
12/29/2020,2012.89,0.00%,"4,092,227,802.00"
12/30/2020,2062.06,0.00%,"4,446,222,579.00"
12/31/2020,2087.27,0.00%,"5,703,469,837.00"
1/3/2021,2175.39,0.00%,"6,344,017,889.00"
1/4/2021,2169.04,0.00%,"5,961,733,122.00"
1/5/2021,2165.49,0.00%,"4,566,381,178.00"
1/6/2021,2178.57,0.00%,"4,425,472,339.00"
1/7/2021,2194.48,0.00%,"5,874,708,279.00"
1/10/2021,2235.72,0.00%,"6,326,646,806.00"
1/11/2021,2239.42,0.00%,"5,524,832,993.00"
1/12/2021,2267.73,0.00%,"4,982,391,897.00"
1/13/2021,2286.54,0.00%,"5,914,389,261.00"
1/17/2021,2315,0.00%,"6,374,267,782.00"
1/18/2021,2332.31,0.00%,"6,314,664,167.00"
1/19/2021,2326.9,0.00%,"7,467,439,848.00"
1/20/2021,2342.76,0.00%,"6,210,966,026.00"
1/21/2021,2374.64,0.00%,"7,798,528,433.00"
1/24/2021,2424.84,0.00%,"9,376,053,220.00"
1/25/2021,2440.87,0.00%,"8,903,538,731.00"
1/26/2021,2423.09,0.00%,"8,279,701,077.00"
1/27/2021,2441.85,0.00%,"8,006,238,770.00"
1/28/2021,2425.29,0.00%,"9,898,456,128.00"
1/31/2021,2370.54,0.00%,"8,973,206,450.00"
2/1/2021,2408.24,0.00%,"6,972,936,529.00"
2/2/2021,2473.73,0.00%,"8,593,472,987.00"
2/3/2021,2466.92,0.00%,"9,531,716,496.00"
2/4/2021,2475.26,0.00%,"7,615,071,093.00"
2/7/2021,2524,0.00%,"10,441,951,304.00"
2/8/2021,2561.47,0.00%,"10,619,163,869.00"
2/9/2021,2532.46,0.00%,"8,146,269,193.00"
2/10/2021,2543.03,0.00%,"7,649,411,398.00"
2/11/2021,2526.92,0.00%,"8,411,732,003.00"
2/14/2021,2493.59,0.00%,"6,927,668,931.00"
2/15/2021,2586.01,0.00%,"10,384,197,669.00"
2/16/2021,2601.51,0.00%,"10,035,454,955.00"
2/17/2021,2611.45,0.00%,"8,035,510,844.00"
2/18/2021,2636.68,0.00%,"8,762,146,785.00"
2/21/2021,2640.34,0.00%,"8,834,603,967.00"
2/22/2021,2607.67,- %,"8,406,310,671.00"
2/23/2021,2586.51,0.00%,"8,561,539,426.00"
2/24/2021,2599.07,0.00%,"6,701,872,439.00"
2/25/2021,2554.13,0.00%,"6,098,188,414.00"
2/28/2021,2474.39,0.00%,"8,355,289,814.00"
3/1/2021,2515.03,0.00%,"5,692,316,831.00"
3/2/2021,2455.33,0.00%,"6,119,638,669.00"
3/3/2021,2416.01,0.00%,"6,254,809,441.78"
3/4/2021,2506.68,0.00%,"6,058,104,316.76"
3/7/2021,2485.1,0.00%,"5,005,466,480.04"
3/9/2021,2461.88,0.00%,"4,752,708,147.00"
3/10/2021,2458.49,0.00%,"4,100,406,336.64"
3/14/2021,2407.26,0.00%,"4,952,722,195.34"
3/15/2021,2389.19,0.00%,"4,248,424,066.10"
3/16/2021,2391.75,0.00%,"3,375,699,339.03"
3/17/2021,2432.15,0.00%,"3,374,552,177.73"
3/18/2021,2475.09,0.00%,"4,661,792,186.86"
3/21/2021,2538.47,0.00%,"5,919,824,569.16"
3/22/2021,2514.4,0.00%,"5,351,337,289.75"
3/23/2021,2528.96,0.00%,"5,141,897,169.20"
3/24/2021,2570.31,0.00%,"6,674,423,940.60"
3/25/2021,2548.97,0.00%,"6,500,806,040.03"
3/29/2021,2543.52,0.00%,"4,410,345,029.57"
3/30/2021,2575.67,0.00%,"6,185,679,497.56"
3/31/2021,2619.03,0.00%,"6,166,900,815.53"
4/1/2021,2631.9,0.00%,"7,250,924,123.60"
4/4/2021,2657.61,0.00%,"9,006,858,557.96"
4/5/2021,2658.75,0.00%,"7,296,760,155.82"
4/6/2021,2674.47,0.00%,"7,477,795,737.92"
4/7/2021,2671.62,0.00%,"7,266,972,569.76"
4/8/2021,2674.36,0.00%,"6,556,616,679.95"
4/12/2021,2691.56,0.00%,"7,610,828,049.72"
4/13/2021,2714.79,0.00%,"7,143,151,000.27"
4/15/2021,2735.4,0.00%,"8,636,668,659.43"
4/18/2021,2699.51,0.00%,"8,801,803,214.97"
4/19/2021,2661.94,0.00%,"6,766,801,223.82"
4/20/2021,2664.62,0.00%,"5,538,617,640.49"
4/21/2021,2632.21,0.00%,"5,772,251,202.75"
4/22/2021,2648.01,0.00%,"5,915,139,887.96"
4/25/2021,2572.21,0.00%,"7,284,194,901.09"
4/26/2021,2506.62,0.00%,"6,590,928,202.41"
4/27/2021,2599.08,0.00%,"5,109,096,957.06"
4/28/2021,2585.28,-0.53%,"3,990,431,235.93"
4/29/2021,2611.11,1.00%,"4,357,019,248.68"
5/2/2021,2665.11,2.07%,"7,360,800,500.33"
5/3/2021,2652.58,-0.46%,"7,529,290,146.00"
5/4/2021,2654.03,0.07%,"5,894,773,562.00"
5/5/2021,2649.6,-0.19%,"6,216,814,313.04"
5/6/2021,2637.13,-0.47%,"6,810,091,452.53"
5/9/2021,2618.63,-0.72%,"6,148,966,772.34"
5/10/2021,2645.85,1.02%,"4,203,832,788.74"
5/11/2021,2673.32,0.98%,"5,810,673,070.66"
5/12/2021,2673.88,-0.07%,"5,326,052,801.48"
5/13/2021,2684.01,0.37%,"7,126,885,280.36"
5/16/2021,2738.3,2.02%,"10,403,879,000.34"
5/17/2021,2759.22,0.73%,"9,576,361,139.17"
5/18/2021,2793.81,1.24%,"11,359,360,091.96"
5/19/2021,2780.81,-0.62%,"11,958,097,410.72"
5/20/2021,2787.19,0.24%,"9,305,222,003.60"
5/23/2021,2820,0.96%,"11,695,034,728.26"
5/24/2021,2823.05,0.02%,"13,175,353,187.83"
5/25/2021,2816.6,-0.26%,"11,133,398,107.56"
5/27/2021,2815.4,-0.01%,"14,768,808,492.24"
5/30/2021,2827.93,0.42%,"17,028,432,244.91"
5/31/2021,2782.86,0.32%,"13,604,619,431.20"
6/1/2021,2771.15,-0.51%,"8,598,160,117.00"
6/2/2021,2827.13,1.86%,"11,351,815,356.00"
6/3/2021,2856.77,1.00%,"16,907,020,286.00"
6/6/2021,2906.91,1.72%,"17,271,787,524.50"
6/7/2021,2906.7,0.00%,"15,818,659,062.50"
6/8/2021,2960.14,1.84%,"16,951,320,640.00"
6/9/2021,2946.58,-0.52%,"16,997,092,703.41"
6/10/2021,2944.78,-0.07%,"16,100,412,435.50"
6/13/2021,2983.11,1.23%,"19,550,166,636.00"
6/14/2021,3025.83,1.39%,"18,884,031,518.50"
6/15/2021,3022.11,-0.22%,"16,528,749,738.50"
6/16/2021,2969.72,-1.86%,"15,484,479,318.50"
6/17/2021,2968.42,-0.11%,"10,904,958,935.00"
6/20/2021,2905.32,-2.20%,"11,819,428,288.50"
6/21/2021,2834.41,-2.45%,"11,619,035,673.50"
6/22/2021,2913.84,2.79%,"10,286,269,957.00"
6/23/2021,2859.96,-1.87%,"8,362,671,680.50"
6/24/2021,2843,-0.58%,"7,033,603,739.50"
6/27/2021,2870.18,0.96%,"7,167,432,728.00"
6/28/2021,2871.6969,0.15%,"7,725,594,965.50"
6/29/2021,2828,-1.65%,"6,726,361,869.27"
6/30/2021,2823.88,-1.00%,"5,838,551,435.49"
7/1/2021,2843,0.68%,"6,707,775,484.14"
7/4/2021,2834.52,-0.30%,"5,053,538,256.95"
7/5/2021,2822.74,-0.42%,"4,582,212,578.61"
7/6/2021,2818.11,-0.19%,"4,224,018,255.09"
7/7/2021,2801.13,-0.60%,"4,585,861,976.21"
7/8/2021,2825.11,0.86%,"4,815,520,294.15"
7/11/2021,2899.82,2.58%,"8,061,382,496.39"
7/12/2021,2854.84,-1.55%,"9,980,026,526.96"
7/13/2021,2871.03,0.57%,"5,546,356,224.10"
7/14/2021,2872.05,0.04%,"5,654,576,205.11"
7/15/2021,2883.38,0.24%,"8,143,614,302.19"
7/18/2021,2980.61,3.26%,"11,638,126,492.62"
7/19/2021,2994.42,0.33%,"11,813,754,606.60"
7/22/2021,3004.33,0.63%,"11,114,121,615.71"
7/25/2021,3058.64,1.81%,"14,232,417,472.15"
7/26/2021,3050.43,-0.36%,"14,139,785,431.16"
7/27/2021,3076.3728,0.89%,"349,011,988.50"
7/28/2021,3094.95,0.18%,"13,291,954,535.44"
7/29/2021,3079.82,-0.56%,"10,905,830,064.17"
8/1/2021,3081.07,0.03%,"12,103,871,861.91"
8/2/2021,3085.07,0.13%,"10,983,682,606.43"
8/3/2021,3111.09,0.00%,"11,529,217,774.66"
8/4/2021,3123.15,0.32%,"15,595,794,271.04"
8/5/2021,3107.45,-0.50%,"14,316,249,964.69"
8/8/2021,3108.13,-0.05%,"14,308,136,886.78"
8/9/2021,3109.6,-0.02%,"14,137,338,880.86"
8/10/2021,3161.56,1.63%,"17,846,147,278.60"
8/11/2021,3162.41,-0.06%,"15,455,941,753.79"
8/12/2021,3178.91,0.43%,"17,513,276,115.01"
8/15/2021,3154.34,-0.77%,"21,647,600,654.50"
8/16/2021,3160.09,-0.17%,"15,930,897,937.50"
8/17/2021,3160.32,-0.12%,"18,204,939,237.00"
8/18/2021,3198.19,0.99%,"21,313,489,269.00"
8/19/2021,3180.86,-0.56%,"20,499,210,766.50"
8/24/2021,3125.01,-1.78%,"16,124,468,059.50"
8/25/2021,3076.45,-1.76%,"12,092,103,503.50"
8/26/2021,3094.05,0.48%,"13,421,974,791.50"
8/29/2021,3044.87,-1.56%,"15,483,687,944.50"
8/31/2021,2975.84,0.00%,"13,259,696,107.21"
9/1/2021,2977.02,0.71%,"9,351,799,654.65"
9/2/2021,2926.74,-1.66%,"9,505,970,822.34"
9/5/2021,2818.73,-3.77%,"11,240,391,044.63"
9/6/2021,2980.79,5.73%,"9,826,222,806.90"
9/7/2021,2936.61,-1.52%,"7,495,812,161.43"
9/8/2021,2876.59,-2.09%,"6,646,623,426.91"
9/9/2021,2875.98,0.02%,"7,050,770,070.49"
9/12/2021,2947.42,2.44%,"9,440,035,243.87"
9/13/2021,2947.7,-0.01%,"9,290,554,155.32"
9/14/2021,2929.29,-0.73%,"5,195,295,443.22"
9/15/2021,2889.03,-1.44%,"5,358,097,250.54"
9/16/2021,2812.39,-2.81%,"9,033,900,623.09"
9/20/2021,2698.25,-4.05%,"8,493,401,009.27"
9/21/2021,2712.07,0.37%,"7,364,798,651.77"
9/22/2021,2816.95,3.82%,"6,179,300,157.62"
9/23/2021,2819.66,0.10%,"7,726,371,029.49"
9/26/2021,2758.48,-2.20%,"6,500,117,780.43"
9/27/2021,2685.42,-2.79%,"5,120,973,095.93"
9/28/2021,2615.4,-2.92%,"5,745,488,178.57"
9/29/2021,2665.94,1.82%,"5,028,555,092.03"
9/30/2021,2633.42,-1.33%,"3,700,029,507.49"
10/3/2021,2577.5,-2.23%,"4,113,814,245.94"
10/4/2021,2570.81,-0.47%,"3,627,799,935.40"
10/5/2021,2612.65,1.43%,"2,996,819,683.01"
10/6/2021,2681.11,2.47%,"4,500,658,141.61"
10/10/2021,2662.58,-0.81%,"4,498,043,580.96"
10/11/2021,2639.38,-0.77%,"3,639,468,092.85"
10/17/2021,2656.97,0.67%,"1,497,375,370.87"
10/18/2021,2587.45,-2.73%,"2,966,899,790.82"
10/19/2021,2510.73,-2.99%,"3,777,793,666.35"
10/20/2021,2571.66,2.22%,"2,679,028,155.23"
10/21/2021,2556.96,-0.70%,"2,635,390,459.84"
10/24/2021,2584.53,1.06%,"2,773,420,134.90"
10/25/2021,2672.25,3.29%,"4,308,895,574.87"
10/26/2021,2751.07,2.79%,"6,318,340,931.64"
10/27/2021,2769.13,0.56%,"6,612,648,839.92"
10/28/2021,2782.17,0.29%,"5,395,268,627.81"
10/31/2021,2837.62,1.82%,"7,823,226,492.71"
11/1/2021,2819.87,-0.87%,"7,777,510,777.74"
11/2/2021,2843.62,0.73%,"6,073,716,888.38"
11/3/2021,2848.84,-0.01%,"6,553,059,152.26"
11/8/2021,2829.65,-0.86%,"4,420,719,103.13"
11/9/2021,2749.86,-2.82%,"6,527,729,547.47"
11/11/2021,2690.29,-2.17%,"5,119,602,539.69"
11/14/2021,2688.92,-0.05%,"4,096,219,525.40"
11/15/2021,2715.35,0.98%,"4,734,651,443.84"
11/16/2021,2784.58,2.55%,"5,521,650,856.75"
11/17/2021,2801.52,0.61%,"7,379,446,819.65"
11/18/2021,2769.13,-1.16%,"6,271,867,229.84"
11/21/2021,2757.53,-0.42%,"4,357,309,319.33"
11/22/2021,2765.44,0.29%,"3,929,261,627.44"
11/23/2021,2733.14,-1.17%,"4,165,896,577.73"
11/24/2021,2735.01,0.07%,"4,217,415,336.52"
11/25/2021,2731.78,-0.12%,"3,789,709,330.90"
11/28/2021,2651.49,-2.94%,"5,835,135,054.76"
11/29/2021,2629.98,-0.81%,"4,008,937,133.19"
11/30/2021,2628.37,-0.06%,"3,089,041,990.69"
12/1/2021,2633.66,0.20%,"2,742,085,704.34"
12/2/2021,2584.61,-1.86%,"3,413,589,126.02"
12/5/2021,2513.89,-2.80%,"4,090,765,324.93"
12/6/2021,2546.09,1.28%,"4,542,345,271.36"
12/7/2021,2508.91,-1.46%,"3,128,341,700.27"
12/8/2021,2455.81,-2.12%,"2,663,909,619.74"
12/9/2021,2449.97,-0.24%,"2,673,308,791.68"
12/12/2021,2361.27,-3.62%,"3,382,509,520.17"
12/13/2021,2282.01,-3.36%,"3,995,604,177.84"
12/14/2021,2418.85,6.01%,"1,842,647,144.18"
12/15/2021,2414.62,-0.17%,"4,588,390,677.73"
12/16/2021,2376.74,-1.57%,"2,301,751,967.91"
12/20/2021,2358.81,-0.75%,"2,464,689,862.61"
12/21/2021,2415.55,2.41%,"2,383,259,846.99"
12/22/2021,2507.7,3.82%,"4,523,338,143.26"
12/23/2021,2520.23,0.50%,"4,490,266,410.23"
12/26/2021,2591.42,2.82%,"5,173,200,503.38"
12/27/2021,2521.65,-2.69%,"5,607,439,670.68"
12/28/2021,2518.99,-0.11%,"3,125,575,631.56"
12/29/2021,2524.5,0.22%,"3,623,480,291.76"
1/2/2022,2584.91,2.39%,"4,126,980,067.53"
1/3/2022,2616.94,1.12%,"4,533,017,178.58"
1/4/2022,2679.95,2.30%,"4,320,269,827.53"
1/5/2022,2649.2,-1.15%,"4,621,598,582.71"
1/6/2022,2692.47,1.63%,"3,676,846,349.30"
1/9/2022,2765.47,2.71%,"7,101,831,591.11"
1/10/2022,2784.95,0.70%,"7,123,424,035.13"
1/11/2022,2834.13,1.77%,"6,724,526,197.51"
1/12/2022,2803.62,-1.08%,"8,033,212,742.00"
1/13/2022,2857.75,1.93%,"6,669,748,567.76"
1/16/2022,2926.74,2.41%,"9,676,317,059.06"
1/17/2022,2947.38,0.71%,"7,901,890,668.04"
1/18/2022,2936.66,-0.37%,"8,443,419,561.86"
1/19/2022,2898.31,-1.31%,"6,021,311,881.03"
1/20/2022,2931.34,1.14%,"5,773,120,409.18"
1/23/2022,2920.51,-0.37%,"7,030,508,262.97"
1/24/2022,2820.65,-3.42%,"8,888,513,177.57"
1/25/2022,2815.06,0.20%,"5,395,672,627.02"
1/26/2022,2776.65,-1.36%,"4,313,154,042.17"
1/27/2022,2779.98,0.12%,"3,343,413,684.03"
1/30/2022,2885.53,3.80%,"6,324,274,038.57"
1/31/2022,2871.05,-0.50%,"5,154,177,598.09"
2/1/2022,2891.3,0.67%,"6,574,842,418.11"
2/3/2022,2876.74,-0.50%,"8,612,174,162.02"
2/6/2022,2836.17,-1.41%,"5,836,414,510.47"
2/7/2022,2851.86,0.49%,"5,022,017,180.72"
2/8/2022,2835.58,-0.57%,"6,287,217,985.34"
2/9/2022,2813.52,-0.78%,"3,471,109,182.03"
2/10/2022,2801.56,-0.43%,"3,829,533,349.64"
2/13/2022,2700.89,-3.59%,"5,977,214,730.64"
2/14/2022,2700.98,0.00%,"3,684,009,915.07"
2/15/2022,2754.29,1.97%,"3,233,318,614.48"
2/16/2022,2734.44,-0.72%,"3,026,330,784.14"
2/17/2022,2732.52,-0.07%,"2,278,173,660.06"
2/20/2022,2693.1,-1.44%,"4,086,474,828.32"
2/21/2022,2718.51,0.94%,"2,997,681,072.21"
2/22/2022,2735.93,0.64%,"3,212,887,822.12"
2/23/2022,2720.43,-0.57%,"3,131,210,281.89"
2/24/2022,2661.44,-2.17%,"4,293,864,191.66"
2/27/2022,2653.7,-0.29%,"3,273,065,909.76"
2/28/2022,2610.6,-1.62%,"3,660,189,867.56"
3/2/2022,2547.04,-2.43%,"3,621,143,979.33"
3/6/2022,2543.39,-0.14%,"2,493,241,272.52"
3/7/2022,2544.93,0.06%,"2,600,930,402.62"
3/9/2022,2514.58,-1.19%,"2,352,317,142.04"
3/10/2022,2566.9,2.08%,"2,780,216,427.20"
3/13/2022,2667.97,3.94%,"4,870,715,387.13"
3/14/2022,2668.11,0.01%,"1,342,232,838.50"
3/15/2022,2650.97,-0.64%,"3,364,229,175.36"
3/16/2022,2631.32,-0.74%,"2,570,401,188.09"
3/20/2022,2616.58,-0.56%,"2,274,626,190.52"
3/21/2022,2634.65,0.69%,"2,592,718,131.45"
3/22/2022,2650.7,0.61%,"2,518,894,178.30"
3/23/2022,2630.36,-0.77%,"2,046,352,547.24"
3/24/2022,2613.67,-0.63%,"3,248,943,824.65"
3/27/2022,2572.23,-1.59%,"4,989,514,415.78"
3/28/2022,2542.28,-1.17%,"2,545,321,813.94"
3/28/2022,2541.84,-1.18%,0
3/29/2022,2527.58,-0.56%,"1,750,628,199.30"
3/30/2022,2568.25,1.61%,"2,250,117,296.35"
3/31/2022,2544.3,-0.93%,"1,890,164,686.40"
4/3/2022,2513.41,-1.21%,"1,460,773,729.18"
4/4/2022,2497.47,-0.63%,"1,584,671,562.02"
4/5/2022,2452.06,-1.86%,"2,671,232,388.39"
4/6/2022,2428.75,-0.95%,"1,995,964,384.22"
4/7/2022,2464.31,1.47%,"2,121,511,279.53"
4/11/2022,2419.71,-1.81%,"2,260,786,628.14"
4/12/2022,2385.02,-1.44%,"1,524,364,418.11"
4/13/2022,2415.24,1.27%,"1,476,318,104.45"
4/17/2022,2385.64,-1.23%,"1,440,723,182.32"
4/18/2022,2343.87,-1.75%,"1,530,692,955.68"
4/19/2022,2357.24,0.57%,"1,326,865,931.84"
4/20/2022,2320.51,-1.56%,"1,458,737,755.46"
4/21/2022,2325.45,0.21%,"1,629,168,847.90"
4/24/2022,2420.91,4.11%,"2,531,275,592.85"
4/25/2022,2386.01,-1.44%,"2,042,253,182.30"
4/26/2022,2370.99,-0.63%,"1,046,014,417.21"
4/27/2022,2376.17,0.22%,"1,089,992,035.93"
4/28/2022,2356.17,-0.84%,"1,496,246,808.20"
5/2/2022,2307.44,-2.07%,"1,423,498,292.37"
5/4/2022,2275.68,-1.38%,"1,269,219,421.49"
5/5/2022,2238.62,-1.63%,"1,654,561,472.54"
5/8/2022,2256.57,0.80%,"1,326,421,671.70"
5/9/2022,2268.84,0.54%,"1,390,607,701.94"
5/10/2022,2313,1.95%,"1,356,687,468.50"
5/11/2022,2369.06,2.42%,"2,163,990,743.33"
5/12/2022,2350.42,-0.79%,"2,328,434,272.93"
5/17/2022,2265.52,-3.61%,"1,644,096,192.86"
5/18/2022,2274.42,0.39%,"1,326,320,346.01"
5/19/2022,2250.91,-1.03%,"1,300,981,996.44"
5/20/2022,2235.09,-0.70%,"932,206,084.34"
5/23/2022,2200.88,-1.53%,"1,369,513,191.50"
5/24/2022,2217.19,0.74%,"1,088,833,541.73"
5/25/2022,2231.57,0.65%,"1,044,626,939.46"
5/26/2022,2239.6,0.36%,"889,834,908.60"
5/27/2022,2223.78,-0.71%,"1,298,905,589.58"
5/30/2022,2173.44,-2.26%,"1,338,856,282.37"
5/31/2022,2137.92,-1.63%,"1,317,699,089.63"
6/1/2022,2130.71,-0.34%,"1,078,484,181.95"
6/2/2022,2112.47,-0.86%,"1,161,514,168.66"
6/3/2022,2078.7,-1.60%,"1,307,359,540.81"
6/6/2022,2065.82,-0.62%,"1,273,385,276.83"
6/7/2022,2020.23,-2.21%,"1,312,806,562.65"
6/8/2022,2080.44,2.98%,"1,640,356,608.05"
6/9/2022,2062.8,-0.85%,"1,472,690,554.25"
6/10/2022,2048.16,-0.71%,"894,124,114.10"
6/13/2022,2032.34,-0.77%,"998,674,262.44"
6/14/2022,1996.26,-1.78%,"1,185,546,179.44"
6/15/2022,1966.37,-1.50%,"1,491,758,817.38"
6/16/2022,1978.94,0.64%,"1,187,145,518.65"
6/17/2022,1971.36,-0.38%,"736,312,157.99"
6/19/2022,1934.11,-1.89%,"1,134,091,212.36"
6/20/2022,1884.81,-2.55%,"1,750,600,171.42"
6/21/2022,1924.74,2.12%,"1,253,757,714.92"
6/22/2022,1893.53,-1.62%,"843,773,459.03"
6/23/2022,1848.28,-2.39%,"1,499,709,634.92"
6/24/2022,1862.06,0.75%,"1,151,208,031.19"
6/26/2022,1956.98,5.10%,"2,196,141,848.83"
6/27/2022,1933.13,-1.22%,"2,044,831,947.71"
6/28/2022,1921.31,-0.61%,"1,058,263,522.26"
6/29/2022,1962.71,2.15%,"1,431,400,640.64"
6/30/2022,2037.64,3.82%,"2,458,619,494.89"
7/1/2022,2028.77,-0.44%,"1,459,312,015.14"
7/3/2022,2086.38,2.84%,"2,480,473,998.90"
7/4/2022,2076.67,-0.47%,"4,349,273,593.21"
7/5/2022,2030.59,-2.22%,"2,968,485,223.95"
7/6/2022,2043.92,0.66%,"2,178,655,700.71"
7/7/2022,2027.32,-0.81%,"1,806,204,764.99"
7/8/2022,1992.61,-1.71%,"1,168,451,395.02"
7/11/2022,1915.61,-3.86%,"2,325,641,022.26"
7/12/2022,1927.28,0.61%,"1,707,752,977.83"
7/13/2022,1986.82,3.09%,"2,044,443,007.47"
7/14/2022,2001.53,0.74%,"2,411,834,599.35"
7/15/2022,2009.46,0.40%,"1,456,259,832.87"
7/17/2022,2011.39,0.10%,"1,232,488,082.72"
7/18/2022,2029.43,0.90%,"1,312,962,959.62"
7/19/2022,2045.63,0.80%,"2,299,316,326.29"
7/20/2022,2050.59,0.24%,"1,731,832,270.05"
7/21/2022,2044.72,-0.29%,"1,642,648,586.50"
7/22/2022,2017.46,-1.33%,"1,443,432,770.47"
7/24/2022,2078.51,3.03%,"2,730,937,196.52"
7/25/2022,2132.96,2.62%,"4,106,818,941.37"
7/26/2022,2088.16,-2.10%,"3,704,998,398.24"
7/27/2022,2111.99,1.14%,"3,161,455,141.99"
7/28/2022,2127.42,0.73%,"4,976,433,105.03"
7/29/2022,2140.39,0.61%,"2,191,619,914.28"
7/31/2022,2195.1,2.55%,"4,609,971,271.66"
8/1/2022,2196.25,0.05%,"4,670,798,756.40"
8/2/2022,2193.43,-0.13%,"3,293,234,705.73"
8/3/2022,2186.77,-0.31%,"4,029,931,439.76"
8/4/2022,2148.16,-1.77%,"3,768,079,173.01"
8/5/2022,2113.3,-1.62%,"2,626,154,947.80"
8/7/2022,2123.82,0.49%,"2,673,338,232.36"
8/8/2022,2106.15,-0.83%,"2,857,072,961.40"
8/9/2022,2062.8,-2.06%,"2,815,144,598.32"
8/10/2022,2056.88,-0.29%,"1,935,520,146.52"
8/11/2022,2037.92,-0.92%,"1,761,023,038.84"
8/14/2022,2010.01,-1.37%,"1,873,281,897.06"
8/15/2022,2065.89,2.78%,"2,432,984,611.90"
8/16/2022,2041.06,-1.20%,"2,734,853,057.66"
8/17/2022,2040.7,-0.02%,"1,405,974,256.30"
8/18/2022,2068.26,1.35%,"2,057,980,056.55"
8/21/2022,2060.55,-0.37%,"2,047,093,688.57"
8/22/2022,2053.13,-0.36%,"1,726,287,429.59"
8/23/2022,2054.95,0.09%,"1,333,560,857.30"
8/24/2022,2057.85,0.14%,"1,526,186,217.86"
8/25/2022,2039.55,-0.89%,"1,717,469,670.13"
8/26/2022,2022.62,-0.83%,"1,294,832,820.01"
8/28/2022,1989.26,-1.65%,"2,059,737,103.36"
8/29/2022,1993.02,0.19%,"1,266,619,150.42"
8/30/2022,1995.21,0.11%,"1,019,516,696.19"
8/31/2022,1973.38,-1.10%,"1,126,217,861.98"
9/1/2022,1972.29,-0.05%,"1,383,462,162.06"
9/2/2022,1970.62,-0.08%,"698,805,950.93"
9/4/2022,1977.3,0.34%,"1,071,615,922.48"
9/5/2022,1973.01,-0.22%,"909,904,751.02"
9/6/2022,1951.79,-1.08%,"23,520,909.40"
9/7/2022,1939.88,-0.61%,"826,230,582.90"
9/8/2022,1937.74,-0.11%,"1,044,440,646.77"
9/11/2022,1926.28,-0.59%,"747,226,625.36"
9/12/2022,1912.74,-0.70%,"831,603,650.57"
9/13/2022,1934.04,1.11%,"922,574,409.66"
9/14/2022,1981.48,2.45%,"1,453,824,649.96"
9/15/2022,1924.48,-2.88%,"2,125,655,787.39"
9/16/2022,1910.38,-0.73%,"908,186,487.98"
9/18/2022,1876.41,-1.78%,"1,601,822,954.98"
9/20/2022,1837.6,-2.07%,"1,229,669,722.27"
9/21/2022,1848.82,0.61%,"11,527,067.90"
9/22/2022,1838.96,-0.53%,"655,705,169.42"
9/25/2022,1815.13,-1.30%,"1,072,480,097.24"
9/27/2022,1831.05,0.88%,"663,013,000.45"
9/28/2022,1837.46,0.35%,"485,408,767.82"
9/29/2022,1853.76,0.89%,"18,117,759.15"
10/9/2022,1898.38,2.41%,"32,308,156.10"
10/10/2022,1871.22,-1.43%,"971,767,714.44"
10/11/2022,1855.16,-0.86%,"552,809,984.50"
10/12/2022,1866.48,0.61%,"691,737,893.98"
10/13/2022,1870.63,0.22%,"829,646,920.43"
10/16/2022,1860.94,-0.52%,"803,525,533.18"
10/17/2022,1858.33,-0.14%,"515,818,989.83"
10/19/2022,1845.51,-0.69%,"643,607,975.26"
10/20/2022,1844.14,-0.07%,"507,689,560.53"
10/23/2022,1858.49,0.78%,"516,803,483.60"
10/31/2022,1874.87,0.88%,"10,864,364.15"
11/1/2022,1930.99,2.99%,"1,290,664,641.80"
11/2/2022,1938.3,0.38%,"1,467,914,875.04"
11/3/2022,1922.16,-0.83%,"898,907,829.98"
11/6/2022,1965.36,2.25%,"1,548,032,561.21"
11/7/2022,1958.94,-0.33%,"2,109,163,383.69"
11/8/2022,1956.36,-0.13%,"1,053,137,466.97"
11/9/2022,1917.22,-2.00%,0
11/10/2022,1893.7,-1.23%,"1,119,461,411.40"
11/13/2022,1883.16,-0.56%,"774,911,706.65"
11/14/2022,1904.45,1.13%,"26,168,768.70"
11/15/2022,1897.86,-0.35%,"1,023,609,960.42"
11/16/2022,1911.26,0.71%,"859,468,158.30"
11/17/2022,1936.83,1.34%,"1,715,419,286.42"
11/22/2022,1929.7,-0.37%,"1,352,885,779.65"
11/23/2022,1921.99,-0.40%,"1,022,293,552.83"
11/24/2022,1933.55,0.60%,"925,174,380.45"
11/27/2022,1965.98,1.68%,"2,025,489,052.14"
11/28/2022,1950.37,-0.79%,"1,494,394,613.66"
11/29/2022,1953.35,0.15%,"957,060,225.96"
11/30/2022,1949.85,-0.18%,"842,695,301.99"
12/1/2022,1961.06,0.58%,"1,322,972,185.65"
12/4/2022,1963.22,0.11%,"1,561,702,992.01"
12/5/2022,1938.76,-1.25%,"1,670,455,034.63"
12/6/2022,1933.88,-0.25%,"965,210,899.14"
12/7/2022,1917.28,-0.86%,"1,654,662,550.99"
12/11/2022,1885.31,-1.67%,"1,103,404,045.08"
12/12/2022,1902.27,0.90%,"1,366,010,464.02"
12/13/2022,1899.7,-0.13%,"777,089,165.15"
12/14/2022,1897.08,-0.14%,"727,877,897.36"
12/15/2022,1882.6,-0.76%,"1,192,616,187.82"
12/18/2022,1855.06,-1.46%,"1,157,155,099.09"
12/19/2022,1858.89,0.21%,"886,098,568.38"
12/20/2022,1873.11,0.76%,"930,839,901.14"
12/21/2022,1867.22,-0.31%,"863,816,561.06"
12/22/2022,1867.21,0.00%,"1,119,797,921.31"
12/26/2022,1924.09,3.05%,"2,097,049,941.35"
12/27/2022,1983.95,3.11%,"3,884,396,997.98"
12/28/2022,1972.15,-0.60%,"2,153,547,207.91"
12/29/2022,2029.03,2.88%,"2,860,345,781.68"
1/1/2023,2046.26,0.85%,"4,048,879,510.19"
1/2/2023,2064.09,0.87%,"2,960,927,440.67"
1/3/2023,2061.06,-0.15%,"3,458,089,787.92"
1/4/2023,2125.84,3.14%,"3,501,142,097.43"
1/5/2023,2143.93,0.84%,"5,040,740,937.09"
1/8/2023,2164.61,0.96%,"5,459,925,001.19"
1/9/2023,2211.76,2.18%,"5,314,307,853.43"
1/10/2023,2190.42,-0.97%,"7,658,823,579.86"
1/12/2023,2149.39,-1.87%,"5,477,624,724.37"
1/17/2023,2182.11,1.52%,"3,724,794,587.76"
1/18/2023,2173.1,-0.41%,"4,928,714,602.65"
1/19/2023,2178.81,0.26%,"3,044,529,329.67"
1/23/2023,2165.1,-0.63%,"3,864,008,973.69"
1/24/2023,2173.25,0.38%,"3,003,230,039.44"
1/25/2023,2183.62,0.48%,"3,466,508,338.64"
1/26/2023,2183.21,-0.02%,"2,860,082,839.03"
1/29/2023,2168.53,-0.67%,"3,017,063,956.47"
1/30/2023,2127.52,-1.89%,"3,302,201,825.93"
1/31/2023,2111.68,-0.74%,"2,824,540,406.61"
2/1/2023,2116.65,0.24%,"1,767,051,916.00"
2/2/2023,2094.54,-1.04%,"2,096,419,161.88"
2/5/2023,2096.08,0.07%,"1,931,719,103.93"
2/6/2023,2100.7,0.22%,"1,474,161,645.60"
2/7/2023,2177.34,3.65%,"3,362,267,078.75"
2/8/2023,2170.21,-0.33%,"3,691,972,817.15"
2/9/2023,2182.61,0.57%,"2,062,058,749.14"
2/12/2023,2121.75,-2.79%,"3,047,739,812.93"
2/14/2023,2105.46,-0.77%,"1,787,016,372.71"
2/15/2023,2091.56,-0.66%,"1,732,575,202.79"
2/16/2023,2070.41,-1.01%,"1,684,942,096.45"
2/20/2023,2046.81,-1.14%,"1,947,623,993.42"
2/22/2023,2080.38,1.64%,"1,803,282,180.68"
2/23/2023,2022.64,-2.78%,"2,522,713,153.88"
2/26/2023,2027.19,0.22%,"2,525,071,806.13"
2/27/2023,2023.54,-0.18%,"1,893,736,365.84"
2/28/2023,2019.93,-0.18%,"1,387,865,515.75"
3/1/2023,1995.49,-1.21%,"1,288,363,424.63"
3/2/2023,1967.4503,-1.41%,"28,656,085.50"
3/5/2023,1938.25,-1.56%,"1,392,354,893.48"
3/7/2023,1952.66,0.74%,"1,204,409,411.62"
3/9/2023,2002.7,2.56%,"1,565,558,802.91"
3/12/2023,1975.89,-1.34%,"1,666,931,510.75"
3/13/2023,1951.21,-1.25%,"1,162,503,515.16"
3/14/2023,1953.06,0.09%,"1,135,925,357.91"
3/15/2023,1938.62,-0.74%,"1,202,141,882.65"
3/16/2023,1933.31,-0.27%,"1,141,455,062.50"
3/19/2023,1926.4,-0.36%,"1,069,804,825.13"
3/20/2023,1949.06,1.18%,"1,298,583,988.29"
3/22/2023,1933.29,-0.81%,"1,333,719,929.67"
3/23/2023,1915.14,-0.94%,"1,413,172,802.50"
3/26/2023,1888.27,-1.40%,"1,289,371,531.03"
3/27/2023,1906,0.94%,"1,382,767,991.84"
3/28/2023,1918.1,0.63%,"1,443,713,878.31"
3/29/2023,1919.42,0.05%,"816,219,129.76"
3/30/2023,1908.55,-0.57%,"899,532,139.40"
4/2/2023,1888.55,-1.05%,"1,207,122,600.13"
4/3/2023,1871.88,-0.88%,"920,249,011.54"
4/4/2023,1866.68,-0.28%,"917,610,296.04"
4/5/2023,1875.07,0.45%,"816,046,790.00"
4/6/2023,1866.79,-0.44%,"920,686,094.33"
4/9/2023,1838.48,-1.52%,"1,159,448,411.72"
4/10/2023,1844.02,0.30%,"911,976,049.12"
4/11/2023,1871.33,1.48%,"945,249,179.36"
4/12/2023,1963.55,4.93%,"1,976,076,732.34"
4/13/2023,1934.47,-1.48%,"1,653,334,665.77"
4/16/2023,1931.68,-0.14%,"974,599,061.51"
4/17/2023,1908.04,-1.22%,"920,078,571.12"
4/18/2023,1904.98,-0.16%,"870,448,151.88"
4/19/2023,1920.12,0.79%,"872,141,116.12"
4/20/2023,1904.4,-0.82%,"983,367,311.00"
4/23/2023,1885.6,-0.99%,"828,534,036.34"
4/24/2023,1888.32,0.14%,"751,330,393.70"
4/25/2023,1905.68,0.92%,"885,578,270.76"
4/26/2023,1892,-0.72%,"847,028,219.41"
4/27/2023,1889.73,-0.12%,"739,650,247.50"
4/30/2023,1870.65,-1.01%,"954,322,377.94"
5/2/2023,1866.4,-0.23%,"692,271,755.19"
5/3/2023,1857.23,-0.49%,"620,266,016.88"
5/4/2023,1869.73,0.69%,"732,689,811.89"
5/7/2023,1850.61,-1.02%,"608,135,094.13"
5/8/2023,1833.69,-0.91%,"824,217,001.85"
5/9/2023,1844.36,0.58%,"774,760,647.07"
5/10/2023,1841.93,-0.13%,"589,100,077.12"
5/11/2023,1838.59,-0.18%,"578,841,593.52"
5/14/2023,1821.64,-0.92%,"900,563,856.25"
5/15/2023,1818.31,-0.18%,"724,969,980.40"
5/16/2023,1821.6,0.18%,"640,117,260.52"
5/17/2023,1845.01,1.28%,"857,624,318.46"
5/18/2023,1877.32,1.75%,"1,474,765,388.21"
5/21/2023,1883.2,0.31%,"1,600,492,731.53"
5/22/2023,1891.31,0.43%,"1,278,704,726.38"
5/23/2023,1942.63,2.71%,"2,200,023,945.87"
5/24/2023,1959.12,0.85%,"1,873,018,024.09"
5/28/2023,1941.74,-0.89%,"2,639,659,499.70"
5/30/2023,1888.61,-2.74%,"2,341,777,844.61"
5/31/2023,1849.79,-2.06%,"2,315,169,571.94"
6/1/2023,1866.34,0.89%,"1,654,648,922.34"
6/4/2023,1919.37,2.84%,"1,656,340,391.57"
6/5/2023,1901.99,-0.91%,"1,973,491,107.31"
6/6/2023,1927.65,1.35%,"1,981,012,701.99"
6/7/2023,1932.33,0.24%,"2,368,815,635.92"
6/8/2023,1939.61,0.38%,"2,305,888,931.72"
6/11/2023,1980.09,2.09%,"3,454,344,563.91"
6/12/2023,1987.87,0.39%,"2,886,509,415.69"
6/13/2023,2020.64,1.72%,"4,126,695,943.97"
6/14/2023,2037.06,0.81%,"5,017,807,682.80"
6/15/2023,2042.07,0.25%,"3,162,810,843.58"
6/18/2023,2094.33,2.56%,"4,869,184,016.02"
6/19/2023,2091.39,-0.14%,"4,740,608,880.28"
6/20/2023,2064.83,-1.27%,"4,110,606,953.97"
6/21/2023,2050.78,-0.68%,"3,496,822,260.78"
6/22/2023,2055.53,0.23%,"3,444,862,501.60"
6/25/2023,2117.73,3.03%,"6,490,412,665.89"
6/26/2023,2129.42,0.55%,"5,312,422,087.27"
6/27/2023,2186.36,2.67%,"5,476,287,740.48"
6/28/2023,2150.99,-1.62%,"5,972,286,481.45"
7/2/2023,2097.29,-2.50%,"5,081,976,179.39"
7/3/2023,2075.97,-1.02%,"4,051,078,375.44"
7/4/2023,2088.7,0.61%,"2,576,140,128.50"
7/5/2023,2049.44,-1.88%,"3,073,992,136.78"
7/6/2023,2049.38,0.00%,"3,077,498,315.30"
7/9/2023,2077.76,1.38%,"3,042,543,961.01"
7/10/2023,2076.96,-0.04%,"3,797,986,583.25"
7/11/2023,2072.24,-0.23%,"2,859,490,490.47"
7/12/2023,2097.55,1.22%,"3,187,695,774.34"
7/13/2023,2084.93,-0.60%,"3,390,660,605.31"
7/16/2023,2097.09,0.58%,"2,376,427,573.77"
7/17/2023,2144.16,2.24%,"2,560,191,288.71"
7/18/2023,2154.07,0.46%,"3,548,829,029.13"
7/19/2023,2165.24,0.52%,"3,348,679,900.45"
7/20/2023,2163.92,-0.06%,"3,052,410,659.63"
7/23/2023,2227.16,2.92%,"4,375,196,232.80"
7/24/2023,2200.5,-1.19%,"4,737,608,810.44"
7/25/2023,2164.31,-1.64%,"2,910,732,418.71"
7/26/2023,2156.2,-0.37%,"2,432,508,769.57"
7/27/2023,2126.48,-1.37%,"2,425,780,564.10"
7/30/2023,2100.34,-1.22%,"2,502,886,527.87"
7/31/2023,2106.18,0.27%,"1,858,002,175.73"
8/1/2023,2077.58,-1.35%,"1,924,434,899.90"
8/2/2023,2086.84,0.44%,"1,812,473,856.13"
8/3/2023,2089.84,0.14%,"1,781,941,701.81"
8/6/2023,2051.47,-1.83%,"2,687,148,234.55"
8/7/2023,2048.26,-0.15%,"2,333,573,297.98"
8/8/2023,2019.85,-1.38%,"1,737,014,499.56"
8/9/2023,2060.91,2.03%,"1,888,326,469.62"
8/10/2023,2066.05,0.24%,"2,156,583,945.68"
8/13/2023,2080.86,0.71%,"3,018,460,512.26"
8/14/2023,2077.24,-0.17%,"2,091,390,638.30"
8/15/2023,2045.44,-1.53%,"2,157,312,369.51"
8/16/2023,2025.12,-0.99%,"1,679,980,623.09"
8/17/2023,2033.13,0.39%,"1,541,367,398.79"
8/20/2023,2011.14,-1.08%,"1,447,408,942.67"
8/21/2023,1998.28,-0.64%,"1,408,981,601.68"
8/22/2023,2015.98,0.88%,"1,332,564,769.51"
8/23/2023,2045.45,1.46%,"1,510,488,984.60"
8/24/2023,2013.93,-1.54%,"1,550,582,685.37"
8/27/2023,1993.38,-1.02%,"1,262,767,876.55"
8/28/2023,1998.48,0.25%,"988,628,562.24"
8/29/2023,1993.42,-0.25%,"865,120,452.40"
8/30/2023,1990.59,-0.14%,"1,130,008,041.15"
9/3/2023,1960.78,-1.49%,"1,186,618,410.87"
9/4/2023,1967.83,0.35%,"1,099,139,697.16"
9/5/2023,1961.37,-0.32%,"796,870,408.05"
9/7/2023,1932.45,-1.47%,"1,150,920,607.60"
9/10/2023,1942.68,0.52%,"1,072,212,418.60"
9/11/2023,1986.99,2.28%,"1,518,343,397.24"
9/12/2023,1967.57,-0.97%,"1,135,057,515.51"
9/13/2023,2007.06,2.00%,"1,495,521,905.77"
9/17/2023,1964.91,-2.09%,"2,028,465,610.94"
9/18/2023,1969.18,0.21%,"870,444,156.82"
9/19/2023,1985.43,0.82%,"1,176,680,757.50"
9/21/2023,2029.78,2.23%,"3,293,921,368.32"
9/24/2023,2010.35,-0.95%,"2,326,895,206.99"
9/25/2023,2004.45,-0.29%,"1,565,573,471.78"
9/26/2023,2022.91,0.92%,"2,093,809,518.54"
9/27/2023,2004.3,-0.91%,"1,814,359,022.20"
10/1/2023,1971.1,-1.65%,"1,830,486,743.11"
10/2/2023,1976.29,0.26%,"1,737,314,092.32"
10/3/2023,1958.72,-0.88%,"1,199,101,324.81"
10/4/2023,1967.97,0.47%,"1,189,931,385.37"
10/5/2023,1956.92,-0.56%,"1,106,519,418.20"
10/8/2023,1921.24,-1.82%,"1,801,766,294.08"
10/9/2023,1908.66,-0.65%,"1,170,172,722.08"
10/10/2023,1889.59,-0.99%,"1,283,182,145.32"
10/11/2023,1894.76,0.27%,"1,088,547,980.13"
10/12/2023,1874.6,-1.20%,"1,700,129,815.00"
10/16/2023,1851.43,-1.23%,"1,253,291,070.96"
10/17/2023,1864.62,0.71%,"1,008,437,860.61"
10/18/2023,1907.89,2.32%,"934,894,218.15"
10/19/2023,1903.84,-0.21%,"970,612,892.03"
10/29/2023,1875.65,-1.48%,"742,925,392.56"
10/30/2023,1878.7,0.16%,"694,222,217.37"
10/31/2023,1864.4,-0.76%,"571,483,276.48"
11/1/2023,1858.56,-0.31%,"812,089,291.31"
11/2/2023,1847.7,-0.58%,"964,477,711.41"
11/5/2023,1826.23,-1.16%,"972,367,278.92"
11/6/2023,1847.54,1.16%,"938,929,040.59"
11/7/2023,1858.76,0.60%,"996,586,291.90"
11/8/2023,1863.94,0.27%,"782,743,264.94"
11/9/2023,1852.08,-0.63%,"836,005,656.08"
11/20/2023,1853.48,0.07%,"1,099,318,029.70"
11/21/2023,1829.65,-1.28%,"950,479,583.91"
11/22/2023,1850.33,1.13%,"1,087,098,495.59"
11/23/2023,1860.2,0.53%,"1,348,347,430.30"
11/26/2023,1907.95,2.56%,"2,011,763,358.52"
11/27/2023,1896.67,-0.59%,"1,754,750,755.82"
11/28/2023,1894.53,-0.11%,"1,280,228,971.86"
11/29/2023,1876.6,-0.94%,"1,014,195,575.01"
11/29/2023,1874.79,-1.04%,"3,312,197.00"
11/30/2023,1858.53,-0.96%,"1,323,519,357.21"
12/3/2023,1851.23,-0.39%,"964,010,431.27"
12/4/2023,1847.81,-0.18%,"1,197,257,894.69"
12/5/2023,1837.71,-0.54%,"1,544,935,438.34"
12/6/2023,1841.04,0.18%,"1,141,812,382.78"
12/7/2023,1852.77,0.63%,"2,799,146,433.95"
12/10/2023,1963.98,6.00%,"482,482,239.14"
12/11/2023,1948.57,-0.78%,"4,842,774,386.84"
12/12/2023,1985.44,1.89%,"4,309,019,196.26"
12/13/2023,1988.04,0.13%,"3,909,198,570.27"
12/14/2023,1994.6,0.32%,"3,151,635,750.12"
12/17/2023,2022.35,1.39%,"5,157,846,979.05"
12/18/2023,2060.49,1.88%,"6,868,177,565.83"
12/19/2023,2106.48,2.23%,"5,984,699,175.73"
12/20/2023,2141.87,1.68%,"7,009,575,176.13"
12/21/2023,2109.1,-1.53%,"6,274,324,811.90"
12/24/2023,2088.07,-0.99%,"7,111,733,829.80"
12/27/2023,2070.84,-0.82%,"5,248,782,611.37"
12/28/2023,2068.9,-0.09%,"4,290,932,297.60"
1/1/2024,2060.15,-0.42%,"4,483,982,461.34"
1/2/2024,2030.1,-1.45%,"4,044,659,922.73"
1/3/2024,2058,1.37%,"4,048,857,454.59"
1/4/2024,2049.28,-0.42%,"5,581,107,804.70"
1/7/2024,2022.92,-1.28%,"5,241,408,379.85"
1/8/2024,2059.49,1.80%,"4,675,224,906.28"
1/9/2024,2080.12,1.00%,"6,118,317,866.67"
1/10/2024,2089.62,0.45%,"5,134,848,789.38"
1/11/2024,2088.99,-0.03%,"4,307,763,277.27"
1/14/2024,2120.62,1.51%,"5,450,421,806.40"
1/16/2024,2175.17,2.57%,"8,023,862,406.69"
1/17/2024,2163.06,-0.55%,"9,768,969,868.61"
1/18/2024,2155.82,-0.33%,"8,174,986,282.97"
1/21/2024,2130.18,-1.18%,"7,677,740,058.04"
1/22/2024,2098.69,-1.47%,"6,366,070,003.35"
1/23/2024,2098.29,-0.01%,"4,294,566,751.66"
1/24/2024,2088.04,-0.48%,"3,897,022,598.98"
1/25/2024,2084.09,-0.18%,"3,764,505,450.98"
1/28/2024,2094.46,0.49%,"3,833,776,580.76"
1/29/2024,2104.72,0.48%,"4,566,522,230.82"
1/30/2024,2119.61,0.70%,"5,544,217,593.12"
1/31/2024,2097.93,-1.02%,"5,295,605,057.48"
2/1/2024,2067.01,-1.47%,"4,180,632,139.37"
2/4/2024,2061.7,-0.25%,"3,216,727,221.79"
2/5/2024,2076.27,0.70%,"2,438,058,254.56"
2/6/2024,2085.71,0.45%,"2,591,534,907.76"
2/7/2024,2090.64,0.23%,"2,842,550,237.47"
2/8/2024,2096.38,0.27%,"3,212,283,453.63"
2/11/2024,2085.82,-0.50%,"4,085,678,472.16"
2/12/2024,2101.16,0.73%,"3,586,984,128.48"
2/13/2024,2070.59,-1.45%,"4,667,179,304.14"
2/14/2024,2076.5,0.28%,"4,252,722,895.26"
2/15/2024,2062.03,-0.69%,"3,869,118,741.98"
2/18/2024,2034.82,-1.31%,"3,775,422,196.17"
2/20/2024,2033.06,-0.08%,"3,113,556,978.43"
2/21/2024,2026.59,-0.31%,"2,241,961,799.37"
2/22/2024,2005.83,-1.02%,"3,206,167,025.37"
2/25/2024,1979.02,-1.33%,"3,086,951,070.51"
2/26/2024,1992.3,0.67%,"2,017,739,060.68"
2/27/2024,2001.64,0.46%,"1,869,813,526.21"
2/28/2024,2000.77,-0.04%,"2,038,100,977.42"
2/29/2024,1972.09,-1.43%,"2,598,737,228.86"
3/3/2024,1960.3,-0.59%,"2,082,786,089.08"
3/4/2024,2078,6.00%,"375,209,978.32"
3/5/2024,2007.69,-3.38%,"4,113,676,958.02"
3/6/2024,2017.03,0.46%,"3,450,838,357.20"
3/7/2024,2030.55,0.67%,"3,199,205,820.35"
3/10/2024,2052.65,1.08%,"2,922,771,558.91"
3/12/2024,2111.24,2.85%,"4,551,632,347.82"
3/13/2024,2108.72,-0.11%,"4,248,523,332.22"
3/14/2024,2080.87,-1.32%,"3,943,592,302.13"
3/17/2024,2070.25,-0.51%,"3,387,980,384.33"
3/18/2024,2073.53,0.15%,"2,885,637,818.91"
3/19/2024,2067.29,-0.30%,"3,633,936,554.87"
3/20/2024,2063.95,-0.16%,"3,496,284,036.16"
3/21/2024,2048.57,-0.74%,"4,313,017,713.50"
3/25/2024,2031.55,-0.83%,"2,489,118,485.08"
3/26/2024,2041.7,0.49%,"2,354,348,503.01"
3/27/2024,2030.86,-0.53%,"2,235,485,534.30"
3/28/2024,2035.64,0.23%,"2,653,349,468.51"
3/31/2024,2018.33,-0.85%,"3,205,332,324.76"
4/1/2024,2012.07,-0.31%,"2,874,754,305.75"
4/2/2024,2010.21,-0.09%,"2,291,645,585.49"
4/3/2024,2006.78,-0.17%,"2,536,233,986.67"
4/4/2024,2004.05,-0.13%,"3,037,267,307.85"
4/7/2024,2026.81,1.13%,"4,256,676,333.56"
4/9/2024,2036.01,0.45%,"4,143,783,989.11"
4/10/2024,2025.3,-0.52%,"3,485,660,640.32"
4/14/2024,2023.35,-0.11%,"3,063,772,652.62"
4/15/2024,2006.52,-0.83%,"2,797,577,432.68"
4/16/2024,1991.71,-0.73%,"2,103,019,218.58"
4/18/2024,1972.14,-0.98%,"2,093,612,792.78"
4/21/2024,1984.43,0.62%,"2,259,959,456.89"
4/22/2024,1969.02,-0.77%,"2,058,305,185.19"
4/24/2024,1969.17,0.01%,"2,536,431,998.50"
4/25/2024,1965.93,-0.16%,"2,366,975,594.12"
4/28/2024,1980.27,0.72%,"2,682,586,955.82"
4/29/2024,1980.34,0.00%,"2,959,458,501.43"
4/30/2024,2006.28,1.30%,"4,800,044,601.66"
5/2/2024,1998.96,-0.36%,"4,133,362,726.23"
5/5/2024,1974.37,-1.23%,"3,795,748,296.39"
5/6/2024,1958.75,-0.79%,"2,891,319,979.88"
5/7/2024,1960.81,0.10%,"2,140,502,621.77"
5/8/2024,1960.6,-0.01%,"2,547,030,825.50"
5/9/2024,1966.23,0.28%,"3,121,286,362.59"
5/12/2024,1974.5,0.42%,"3,155,142,168.43"
5/13/2024,1998.89,1.23%,"3,408,608,157.91"
5/14/2024,2027.51,1.43%,"4,088,853,664.80"
5/15/2024,2017.97,-0.47%,"3,708,430,055.17"
5/16/2024,2018.76,0.03%,"4,233,816,403.71"
5/19/2024,2064.45,2.26%,"5,251,024,786.63"
5/20/2024,2092,1.33%,"5,854,354,212.19"
5/21/2024,2115.94,1.14%,"5,206,208,111.56"
5/22/2024,2131.49,0.73%,"5,687,680,912.80"
5/26/2024,2109.34,-1.03%,"4,441,538,471.70"
5/27/2024,2113.27,0.18%,"3,893,764,143.93"
5/29/2024,2089.42,-1.12%,"4,575,063,274.39"
5/30/2024,2069.53,-0.95%,"4,217,494,195.65"
6/2/2024,2083.04,0.65%,"4,311,015,629.95"
6/3/2024,2079.07,-0.19%,"4,004,070,243.60"
6/4/2024,2085.3,0.29%,"4,084,715,877.41"
6/5/2024,2079.71,-0.26%,"3,992,976,492.79"
6/6/2024,2077.78,-0.09%,"4,388,278,720.38"
6/9/2024,2073.19,-0.22%,"5,189,079,522.44"
6/10/2024,2082.09,0.42%,"5,490,609,782.28"
6/11/2024,2115.24,1.59%,"5,555,361,739.06"
6/12/2024,2121.62,0.30%,"5,894,089,245.13"
6/13/2024,2112.29,-0.43%,"6,443,029,208.11"
6/16/2024,2095.25,-0.80%,"5,472,253,551.85"
6/18/2024,2076.49,-0.89%,"4,055,737,884.32"
6/19/2024,2078.76,0.10%,"3,404,372,632.64"
6/20/2024,2068.31,-0.50%,"3,870,744,903.34"
6/23/2024,2062.94,-0.25%,"4,374,597,458.65"
6/24/2024,2066.16,0.15%,"5,077,255,116.15"
6/25/2024,2071.77,0.27%,"4,187,796,833.89"
6/26/2024,2060.16,-0.56%,"4,058,047,734.22"
6/27/2024,2051.92,-0.40%,"3,715,903,824.54"
6/30/2024,2037.09,-0.72%,"3,607,198,407.66"
7/1/2024,2053.38,0.80%,"2,999,965,021.53"
7/2/2024,2100.43,2.29%,"4,576,831,720.09"
7/3/2024,2104.22,0.18%,"5,083,528,935.17"
7/4/2024,2119.69,0.73%,"6,482,546,980.64"
7/7/2024,2140.97,1.00%,"6,002,931,854.71"
7/8/2024,2136.35,-0.21%,"4,569,836,106.00"
7/9/2024,2152.14,0.73%,"5,535,958,885.31"
7/10/2024,2175.4,1.08%,"5,744,083,391.51"
7/11/2024,2204.61,1.34%,"7,080,698,146.05"
7/14/2024,2257.59,2.40%,"7,620,498,520.87"
7/15/2024,2240.41,-0.76%,"8,731,436,037.15"
7/16/2024,2310.59,3.13%,"9,114,401,552.61"
7/17/2024,2364.63,2.33%,"12,059,266,113.47"
7/18/2024,2424.32,2.52%,"15,548,800,738.21"
7/21/2024,2485.94,2.54%,"15,238,271,290.98"
7/22/2024,2488.09,0.08%,"13,915,535,440.98"
7/23/2024,2563.43,3.02%,"14,116,330,995.76"
7/24/2024,2536.11,-1.06%,"16,208,577,314.53"
7/25/2024,2568.11,1.26%,"14,137,899,049.28"
7/28/2024,2681.56,4.41%,"15,810,596,235.45"
7/29/2024,2661.09,-0.76%,"19,609,177,106.29"
7/30/2024,2696.65,1.33%,"17,266,391,542.97"
7/31/2024,2760.9,2.38%,"21,911,503,161.06"
8/1/2024,2755.62,-0.19%,"21,713,431,007.74"
8/5/2024,2796.38,1.47%,"21,864,992,277.64"
8/6/2024,2651.32,-5.18%,"23,716,716,874.10"
8/7/2024,2759.67,4.08%,"17,950,918,627.83"
8/8/2024,2766.38,0.24%,"20,070,434,103.38"
8/11/2024,2860.91,3.41%,"25,779,453,509.90"
8/12/2024,2931.65,2.47%,"27,242,034,765.89"
8/13/2024,2923.46,-0.27%,"21,515,010,633.31"
8/14/2024,2957.75,1.17%,"23,430,581,150.48"
8/15/2024,3000.81,1.45%,"29,958,519,216.95"
8/18/2024,2966.33,-1.14%,"28,836,997,376.12"
8/21/2024,2968.44,0.07%,"18,906,373,792.01"
8/22/2024,2974.46,0.20%,"19,160,652,085.56"
8/25/2024,2894.57,-2.68%,"19,740,593,800.64"
8/27/2024,2782.6,-3.86%,"18,649,533,170.35"
8/28/2024,2786.4,0.13%,"13,727,368,393.64"
8/29/2024,2749.57,-1.32%,"12,243,601,365.90"
9/1/2024,2695.93,-1.95%,"10,517,682,349.32"
9/2/2024,2823.25,4.72%,"13,104,631,802.67"
9/3/2024,2830.16,0.24%,"13,577,105,289.17"
9/4/2024,2739.46,-3.20%,"12,925,688,215.22"
9/5/2024,2727.36,-0.44%,"9,651,513,246.31"
9/8/2024,2701.9,-0.93%,"10,122,408,249.12"
9/9/2024,2646.03,-2.06%,"9,439,106,425.54"
9/10/2024,2632.94,-0.49%,"7,245,568,421.39"
9/11/2024,2610.21,-0.86%,"6,851,179,051.18"
9/12/2024,2688.38,2.99%,"8,169,274,612.81"
9/15/2024,2637.79,-1.88%,"10,339,235,957.45"
9/16/2024,2580.76,-2.16%,"7,361,988,383.74"
9/18/2024,2576.76,-0.15%,"5,669,194,961.88"
9/22/2024,2588.35,0.44%,"5,092,948,690.69"
9/23/2024,2529.33,-2.28%,"5,660,302,683.50"
9/24/2024,2470.39,-2.33%,"5,689,561,356.69"
9/25/2024,2519.57,1.99%,"4,813,223,004.49"
9/26/2024,2486.76,-1.30%,"4,841,407,720.14"
9/29/2024,2464.4,-0.89%,"4,050,658,036.94"
9/30/2024,2508.86,1.80%,"3,715,359,935.12"
10/1/2024,2623.56,4.57%,"7,616,522,258.00"
10/2/2024,2597.49,-0.99%,"6,778,195,881.11"
10/6/2024,2653.58,2.15%,"6,138,206,705.70"
10/7/2024,2690.72,1.39%,"7,095,953,027.17"
10/8/2024,2663.32,-1.01%,"4,593,727,244.34"
10/9/2024,2668.17,0.18%,"3,761,512,706.84"
10/15/2024,2699.66,1.17%,"3,062,337,799.24"
10/16/2024,2742.88,1.60%,"5,660,237,737.60"
10/17/2024,2745.36,0.09%,"7,192,792,166.86"
10/20/2024,2697.91,-1.72%,"8,180,262,572.12"
10/21/2024,2639.92,-2.14%,"5,900,791,044.48"
10/22/2024,2665.81,0.98%,"4,171,665,619.70"
10/23/2024,2645.39,-0.76%,"6,278,951,853.73"
10/24/2024,2627.14,-0.68%,"5,419,104,157.29"
10/27/2024,2617.95,-0.34%,"4,732,487,864.93"
10/28/2024,2645.36,1.04%,"5,344,800,912.48"
10/29/2024,2692.05,1.76%,"6,128,264,580.33"
10/30/2024,2677.62,-0.53%,"5,953,950,787.59"
11/5/2024,2677.4,0.00%,"4,205,505,237.61"
11/6/2024,2675.51,-0.07%,"5,222,486,851.24"
11/10/2024,2738.06,2.33%,"9,771,124,073.55"
11/11/2024,2760.21,0.80%,"11,315,207,127.09"
11/12/2024,2748.96,-0.40%,"7,859,740,798.91"
11/13/2024,2734.83,-0.51%,"7,911,976,449.08"
11/14/2024,2748.78,0.51%,"10,320,331,436.20"
11/17/2024,2753.76,0.18%,"11,726,756,904.61"
11/19/2024,2702.65,-1.85%,"10,468,320,521.90"
11/20/2024,2711.75,0.33%,"7,092,879,946.39"
11/21/2024,2680.44,-1.15%,"8,257,643,886.83"
11/24/2024,2667.4,-0.48%,"7,728,861,250.73"
11/25/2024,2683.24,0.59%,"6,345,809,597.84"
11/26/2024,2716.66,1.24%,"7,449,898,987.89"
11/27/2024,2755.47,1.42%,"9,312,934,840.36"
11/28/2024,2748.05,-0.30%,"8,545,525,373.13"
12/1/2024,2738.06,-0.36%,"8,832,225,892.82"
12/2/2024,2758.04,0.72%,"10,541,746,564.07"
12/3/2024,2775.85,0.64%,"8,521,219,299.67"
12/4/2024,2750.87,-0.89%,"9,132,468,906.77"
12/5/2024,2734.93,-0.57%,"8,369,687,402.72"
